{"cameraMode":{"drawMode":0,"name":"Shaded","section":"Shading Mode"},"sceneLighting":true,"audioPlay":false,"sceneViewState":{"showFog":true,"showMaterialUpdate":false,"showSkybox":true,"showFlares":true,"showImageEffects":true,"showParticleSystems":true},"in2DMode":false,"pivot":{"x":5.479135513305664,"y":-2.83035945892334,"z":3.2924976348876955},"rotation":{"x":-0.05957736074924469,"y":-0.9378334283828735,"z":0.20367297530174256,"w":-0.27507174015045168},"size":5.930566310882568,"orthographic":false}