{"cameraMode":{"drawMode":0,"name":"Shaded","section":"Shading Mode"},"sceneLighting":true,"audioPlay":false,"sceneViewState":{"showFog":true,"showMaterialUpdate":false,"showSkybox":false,"showFlares":true,"showImageEffects":true,"showParticleSystems":true},"in2DMode":false,"pivot":{"x":-1.281320571899414,"y":3.866212844848633,"z":-2.0737228393554689},"rotation":{"x":0.47844618558883669,"y":-0.5213212966918945,"z":0.5099835991859436,"w":0.48928263783454897},"size":3.3310434818267824,"orthographic":false}