{"cameraMode":{"drawMode":0,"name":"Shaded","section":"Shading Mode"},"sceneLighting":true,"audioPlay":false,"sceneViewState":{"showFog":true,"showMaterialUpdate":false,"showSkybox":true,"showFlares":true,"showImageEffects":true,"showParticleSystems":true},"in2DMode":false,"pivot":{"x":3.3352975845336916,"y":-1.906601071357727,"z":-7.617060661315918},"rotation":{"x":-0.05425654351711273,"y":-0.9360765218734741,"z":0.16681575775146485,"w":-0.3053276538848877},"size":6.634418487548828,"orthographic":false}