{"cameraMode":{"drawMode":0,"name":"Shaded","section":"Shading Mode"},"sceneLighting":true,"audioPlay":false,"sceneViewState":{"showFog":true,"showMaterialUpdate":false,"showSkybox":true,"showFlares":true,"showImageEffects":true,"showParticleSystems":true},"in2DMode":false,"pivot":{"x":8.380045890808106,"y":2.0912818908691408,"z":7.3041558265686039},"rotation":{"x":0.04221316799521446,"y":0.7616864442825317,"z":-0.049783382564783099,"w":0.6448562741279602},"size":0.9344305396080017,"orthographic":false}