{"cameraMode":{"drawMode":0,"name":"Shaded","section":"Shading Mode"},"sceneLighting":true,"audioPlay":false,"sceneViewState":{"showFog":true,"showMaterialUpdate":false,"showSkybox":true,"showFlares":true,"showImageEffects":true,"showParticleSystems":true},"in2DMode":false,"pivot":{"x":-2.046337127685547,"y":1.521270513534546,"z":5.562618255615234},"rotation":{"x":0.19583569467067719,"y":0.6626535654067993,"z":-0.18575821816921235,"w":0.6986035108566284},"size":0.8530446887016296,"orthographic":false}